iati-identifier,hierarchy,titles,default-currency,commitment,disbursement,reimbursement,expenditure,incoming-funds,loan-repayment,interest-repayment,transaction-value,transaction-value_currency,transaction-type,transaction-date,transaction-date_iso-date,transaction-value_value-date,provider-org-ref,provider-org,provider-activity-id,receiver-org-ref,receiver-org,receiver-activity-id,description_lang,description,flow-type_code,flow-type_lang,flow-type,aid-type_code,aid-type_lang,aid-type,finance-type_code,finance-type_lang,finance-type,tied-status_code,tied-status_lang,tied-status,disbursement-channel_code,disbursement-channel
"US-EIN-13-3287064NAM-SAWSO-HT-10-686","","Peace at Place de la Paix","",,,,,,,,"495492.00","USD","2010-02-05","","","2010-02-05","","Salvation Army Worldwide","","US-EIN-13-2923701","Salvation Army World Service Office","","","Total project budget","","","","","","","","","","","","","",""
"US-EIN-13-3287064NAM-SAWSO-HT-10-687","","Delmas Health Support","",,,,,,,,"81000.00","USD","2010-01-12","","","2010-01-12","","Private donations","","US-EIN-13-2923701","Salvation Army World Service Office","","","Total project budget","","","","","","","","","","","","","",""
"US-EIN-13-3287064NAM-SAWSO-HT-10-688","","Jacmel Cash-for-Work","",,,,,,,,"110640.00","USD","2010-03-01","","","2010-03-01","","Private donations","","US-EIN-13-2923701","Salvation Army World Service Office","","","Total project budget","","","","","","","","","","","","","",""
"US-EIN-13-3287064NAM-SAWSO-HT-10-689","","Petit-Goâve Cash-for-Work","",,,,,,,,"47044.00","USD","2010-04-12","","","2010-04-12","","Private donations","","US-EIN-13-2923701","Salvation Army World Service Office","","","Total project budget","","","","","","","","","","","","","",""
"US-EIN-13-3287064NAM-SAWSO-HT-10-690","","Transitional Housing Jacmel","",,,,,,,,"2069308.00","USD","2010-03-01","","","2010-03-01","","Private donations","","US-EIN-13-2923701","Salvation Army World Service Office","","","Total project budget","","","","","","","","","","","","","",""
"US-EIN-13-3287064NAM-SAWSO-HT-10-691","","Petit-Goâve Health Support","",,,,,,,,"38532.00","USD","2010-04-15","","","2010-04-15","","Private donations","","US-EIN-13-2923701","Salvation Army World Service Office","","","Total project budget","","","","","","","","","","","","","",""
"US-EIN-13-3287064NAM-SAWSO-HT-10-692","","Basic Needs Support","",,,,,,,,"641467.00","USD","2010-02-05","","","2010-02-05","","Private donations","","US-EIN-13-2923701","Salvation Army World Service Office","","","Total project budget","","","","","","","","","","","","","",""
"US-EIN-13-3287064NAM-SAWSO-HT-10-693","","Basic Food Support","",,,,,,,,"7967822.00","USD","2010-01-20","","","2010-01-20","","Private donations","","US-EIN-13-2923701","Salvation Army World Service Office","","","Total project budget","","","","","","","","","","","","","",""
"US-EIN-13-3287064NAM-SAWSO-HT-10-694","","School Feeding Program","",,,,,,,,"53735.00","USD","2010-08-15","","","2010-08-15","","Private donations","","US-EIN-13-2923701","Salvation Army World Service Office","","","Total project budget","","","","","","","","","","","","","",""
"US-EIN-13-3287064NAM-SAWSO-HT-12-2244","","Vulnerable Children and Families Support ","",,,,,,,,"644865.00","USD","2012-01-01","","","2012-01-01","","Private donations","","US-EIN-13-2923701","Salvation Army World Service Office","","","Total project budget","","","","","","","","","","","","","",""
"US-EIN-13-3287064NAM-SAWSO-HT-10-2245","","Emotional and Social Support Program for Children and Adolescents ","",,,,,,,,"918271.00","USD","2010-10-01","","","2010-10-01","","Private donations","","US-EIN-13-2923701","Salvation Army World Service Office","","","Total project budget","","","","","","","","","","","","","",""
"US-EIN-13-3287064NAM-SAWSO-HT-11-2246","","Community Development Projects Support Program","",,,,,,,,"1185089.00","USD","2011-01-01","","","2011-01-01","","Private donations","","US-EIN-13-2923701","Salvation Army World Service Office","","","Total project budget","","","","","","","","","","","","","",""
"US-EIN-13-3287064NAM-SAWSO-HT-11-2247","","School Infrastructure Support Program ","",,,,,,,,"3077400.00","USD","2011-04-01","","","2011-04-01","","Private donations","","US-EIN-13-2923701","Salvation Army World Service Office","","","Total project budget","","","","","","","","","","","","","",""
"US-EIN-13-3287064NAM-SAWSO-HT-11-2248","","College Verena Temporary Classrooms  ","",,,,,,,,"218383.00","USD","2011-03-01","","","2011-03-01","","Private donations","","US-EIN-13-2923701","Salvation Army World Service Office","","","Total project budget","","","","","","","","","","","","","",""
"US-EIN-13-3287064NAM-SAWSO-HT-12-2491","","Primary Health Care Center and Service Support Program","",,,,,,,,"2218346.00","USD","2012-01-01","","","2012-01-01","","Private donations","","US-EIN-13-2923701","Salvation Army World Service Office","","","Total project budget","","","","","","","","","","","","","",""
"US-EIN-13-3287064NAM-SAWSO-HT-12-3649","","Education and Livelihood Support for Couyot","",,,,,,,,"336052.50","USD","2012-07-01","","","2012-07-01","","Private donations","","US-EIN-13-2923701","Salvation Army World Service Office","","","Total project budget","","","","","","","","","","","","","",""
"US-EIN-13-3287064NAM-SAWSO-HT-12-3653","","Institutional Support - Bethel Clinic OVC Educational Supplement","",,,,,,,,"11734.00","USD","2012-01-01","","","2012-01-01","","Private donations","","US-EIN-13-2923701","Salvation Army World Service Office","","","Total project budget","","","","","","","","","","","","","",""
"US-EIN-13-3287064NAM-SAWSO-HT-11-3654","","Integrated Family Support","",,,,,,,,"3612000.00","USD","2011-03-01","","","2011-03-01","","Private donations","","US-EIN-13-2923701","Salvation Army World Service Office","","","Total project budget","","","","","","","","","","","","","",""
"US-EIN-13-3287064NAM-SAWSO-HT-12-3655","","Reconstruction of The Salvation Army School in Poirier","",,,,,,,,"596000.00","USD","2012-07-01","","","2012-07-01","","Private donations","","US-EIN-13-2923701","Salvation Army World Service Office","","","Total project budget","","","","","","","","","","","","","",""
"US-EIN-13-3287064NAM-SAWSO-KE-12-8266","","Kolanya Health Center","",,,,,,,,"34137.00","USD","2012-01-01","","","2012-01-01","","","","US-EIN-13-2923701","Salvation Army World Service Office","","","Total project budget","","","","","","","","","","","","","",""
"US-EIN-13-3287064NAM-SAWSO-HT-12-8267","","Education and Livelihood Support for Couyot","",,,,,,,,"336053.00","USD","2012-07-01","","","2012-07-01","","","","US-EIN-13-2923701","Salvation Army World Service Office","","","Total project budget","","","","","","","","","","","","","",""
"US-EIN-13-3287064NAM-SAWSO-HT-12-8268","","Construction of BiwoSevisSosyalBldg (Social Service)","",,,,,,,,"768664.00","USD","2012-03-01","","","2012-03-01","","","","US-EIN-13-2923701","Salvation Army World Service Office","","","Total project budget","","","","","","","","","","","","","",""
"US-EIN-13-3287064NAM-SAWSO-UG-11-8269","","Sustainable Responses for Improving the Lives of Vulnerable Children & their Household (SCORE)","",,,,,,,,"3167346.00","USD","2011-11-10","","","2011-11-10","","","","US-EIN-13-2923701","Salvation Army World Service Office","","","Total project budget","","","","","","","","","","","","","",""
"US-EIN-13-3287064NAM-SAWSO-KE-12-8270","","WORTH Kenya West Expansion","",,,,,,,,"577167.00","USD","2012-01-01","","","2012-01-01","","","","US-EIN-13-2923701","Salvation Army World Service Office","","","Total project budget","","","","","","","","","","","","","",""
"US-EIN-13-3287064NAM-SAWSO-HT-12-8271","","Reconstruction of The Salvation Army School in Poirier","",,,,,,,,"584665.00","USD","2012-07-01","","","2012-07-01","","","","US-EIN-13-2923701","Salvation Army World Service Office","","","Total project budget","","","","","","","","","","","","","",""
"US-EIN-13-3287064NAM-SAWSO-HT-14-8272","","Disaster Preparedness Training and Aid Distribution System (connected to newly built Santos Warehouse)","",,,,,,,,"112943.00","USD","2014-03-31","","","2014-03-31","","","","US-EIN-13-2923701","Salvation Army World Service Office","","","Total project budget","","","","","","","","","","","","","",""
"US-EIN-13-3287064NAM-SAWSO-KE-13-8273","","Kisienya Secondary School Infrastructure Support","",,,,,,,,"83936.00","USD","2013-06-01","","","2013-06-01","","","","US-EIN-13-2923701","Salvation Army World Service Office","","","Total project budget","","","","","","","","","","","","","",""
"US-EIN-13-3287064NAM-SAWSO-HT-14-8274","","Northern Integrated Family Services","",,,,,,,,"1271495.00","USD","2014-06-01","","","2014-06-01","","","","US-EIN-13-2923701","Salvation Army World Service Office","","","Total project budget","","","","","","","","","","","","","",""
"US-EIN-13-3287064NAM-SAWSO-HT-13-8275","","South-Eastern Integrated Family Services","",,,,,,,,"1669546.00","USD","2013-01-01","","","2013-01-01","","","","US-EIN-13-2923701","Salvation Army World Service Office","","","Total project budget","","","","","","","","","","","","","",""
"US-EIN-13-3287064NAM-SAWSO-CL-13-8276","","Repair of houses affected by Earthquake & Tsunami, Hualpencillo","",,,,,,,,"46300.00","USD","2013-07-01","","","2013-07-01","","","","US-EIN-13-2923701","Salvation Army World Service Office","","","Total project budget","","","","","","","","","","","","","",""
"US-EIN-13-3287064NAM-SAWSO-CL-13-8277","","Restoring families' houses, Dichato","",,,,,,,,"46300.00","USD","2013-07-01","","","2013-07-01","","","","US-EIN-13-2923701","Salvation Army World Service Office","","","Total project budget","","","","","","","","","","","","","",""
"US-EIN-13-3287064NAM-SAWSO-CL-14-8278","","Basic houses for families affected by the earthquake in Talca","",,,,,,,,"86394.00","USD","2014-07-01","","","2014-07-01","","","","US-EIN-13-2923701","Salvation Army World Service Office","","","Total project budget","","","","","","","","","","","","","",""
"US-EIN-13-3287064NAM-SAWSO-HT-13-8279","","Reconstruction of Bethany Children's Home & Redesign of Standards  and Policies to ensure development of youth","",,,,,,,,"874870.00","USD","2013-07-01","","","2013-07-01","","","","US-EIN-13-2923701","Salvation Army World Service Office","","","Total project budget","","","","","","","","","","","","","",""
"US-EIN-13-3287064NAM-SAWSO-AO-13-8280","","HIV Foundations Project (HIV Prevention and Community  Mobilization)","",,,,,,,,"55270.00","USD","2013-05-01","","","2013-05-01","","","","US-EIN-13-2923701","Salvation Army World Service Office","","","Total project budget","","","","","","","","","","","","","",""
"US-EIN-13-3287064NAM-SAWSO-GE-13-8281","","Rustavi Laundry","",,,,,,,,"2335.00","USD","2013-10-01","","","2013-10-01","","","","US-EIN-13-2923701","Salvation Army World Service Office","","","Total project budget","","","","","","","","","","","","","",""
"US-EIN-13-3287064NAM-SAWSO-GE-13-8282","","Ponichala Laundry","",,,,,,,,"2160.00","USD","2013-10-01","","","2013-10-01","","","","US-EIN-13-2923701","Salvation Army World Service Office","","","Total project budget","","","","","","","","","","","","","",""
"US-EIN-13-3287064NAM-SAWSO-GE-13-8283","","Megobroba Childrens Center","",,,,,,,,"6791.00","USD","2013-10-01","","","2013-10-01","","","","US-EIN-13-2923701","Salvation Army World Service Office","","","Total project budget","","","","","","","","","","","","","",""
"US-EIN-13-3287064NAM-SAWSO-CR-12-8284","","Centro Modelo Rehab","",,,,,,,,"169503.00","USD","2012-11-01","","","2012-11-01","","","","US-EIN-13-2923701","Salvation Army World Service Office","","","Total project budget","","","","","","","","","","","","","",""
"US-EIN-13-3287064NAM-SAWSO-PY-13-8285","","Tekokatu Medical Clinic","",,,,,,,,"547246.00","USD","2013-10-01","","","2013-10-01","","","","US-EIN-13-2923701","Salvation Army World Service Office","","","Total project budget","","","","","","","","","","","","","",""
"US-EIN-13-3287064NAM-SAWSO-GE-13-8286","","Lagodekhi Afterschool 2013-2015 Institutional Support","",,,,,,,,"31470.00","USD","2013-09-01","","","2013-09-01","","","","US-EIN-13-2923701","Salvation Army World Service Office","","","Total project budget","","","","","","","","","","","","","",""
"US-EIN-13-3287064NAM-SAWSO-GE-13-8287","","Tbilisi Central After-School 2013-2015 Institutional Support","",,,,,,,,"32713.00","USD","2013-09-01","","","2013-09-01","","","","US-EIN-13-2923701","Salvation Army World Service Office","","","Total project budget","","","","","","","","","","","","","",""
"US-EIN-13-3287064NAM-SAWSO-GE-13-8288","","Samgori After-School 2013-2015 Institutional Support","",,,,,,,,"31614.00","USD","2013-09-01","","","2013-09-01","","","","US-EIN-13-2923701","Salvation Army World Service Office","","","Total project budget","","","","","","","","","","","","","",""
"US-EIN-13-3287064NAM-SAWSO-GE-13-8289","","Rustavi After-School 2013-2015 Institutional Support","",,,,,,,,"31098.00","USD","2013-09-01","","","2013-09-01","","","","US-EIN-13-2923701","Salvation Army World Service Office","","","Total project budget","","","","","","","","","","","","","",""
"US-EIN-13-3287064NAM-SAWSO-GE-13-8290","","Megobroba After-School 2013-2015 Institutional Support","",,,,,,,,"20353.00","USD","2013-09-01","","","2013-09-01","","","","US-EIN-13-2923701","Salvation Army World Service Office","","","Total project budget","","","","","","","","","","","","","",""
"US-EIN-13-3287064NAM-SAWSO-GE-13-8291","","Ponichala After-School 2013-2015 Institutional Support","",,,,,,,,"32207.00","USD","2013-09-01","","","2013-09-01","","","","US-EIN-13-2923701","Salvation Army World Service Office","","","Total project budget","","","","","","","","","","","","","",""
"US-EIN-13-3287064NAM-SAWSO-GE-13-8292","","Didi Digomi After-School 2013-2015 Institutional Support","",,,,,,,,"32677.00","USD","2013-09-01","","","2013-09-01","","","","US-EIN-13-2923701","Salvation Army World Service Office","","","Total project budget","","","","","","","","","","","","","",""
"US-EIN-13-3287064NAM-SAWSO-GE-13-8293","","Batumi Afterschool 2013-2015 Institutional Support","",,,,,,,,"31191.00","USD","2013-09-01","","","2013-09-01","","","","US-EIN-13-2923701","Salvation Army World Service Office","","","Total project budget","","","","","","","","","","","","","",""
"US-EIN-13-3287064NAM-SAWSO-PK-13-8294","","Building Advanced Strong Sustainable Independent Communities (BASSIC)","",,,,,,,,"1315521.00","USD","2013-01-01","","","2013-01-01","","","","US-EIN-13-2923701","Salvation Army World Service Office","","","Total project budget","","","","","","","","","","","","","",""
"US-EIN-13-3287064NAM-SAWSO-AO-12-8295","","Polio Eradication Project","",,,,,,,,"1367304.00","USD","2012-10-01","","","2012-10-01","","","","US-EIN-13-2923701","Salvation Army World Service Office","","","Total project budget","","","","","","","","","","","","","",""
"US-EIN-13-3287064NAM-SAWSO-LK-14-8296","","Mobile Medical Clinic - Polonnaruwa","",,,,,,,,"85000.00","USD","2014-03-01","","","2014-03-01","","","","US-EIN-13-2923701","Salvation Army World Service Office","","","Total project budget","","","","","","","","","","","","","",""
"US-EIN-13-3287064NAM-SAWSO-IN-13-8297","","The Salvation Army Integrated Community Empowerment Programme","",,,,,,,,"234740.00","USD","2013-05-01","","","2013-05-01","","","","US-EIN-13-2923701","Salvation Army World Service Office","","","Total project budget","","","","","","","","","","","","","",""
"US-EIN-13-3287064NAM-SAWSO-IN-13-8298","","Anti Human Sex Trafficking Project (Jeevan Asha) Mumbai","",,,,,,,,"186831.00","USD","2013-01-01","","","2013-01-01","","","","US-EIN-13-2923701","Salvation Army World Service Office","","","Total project budget","","","","","","","","","","","","","",""
"US-EIN-13-3287064NAM-SAWSO-KE-13-8299","","Mt. Elgon WORTH Project","",,,,,,,,"17392.00","USD","2013-07-01","","","2013-07-01","","","","US-EIN-13-2923701","Salvation Army World Service Office","","","Total project budget","","","","","","","","","","","","","",""
"US-EIN-13-3287064NAM-SAWSO-HT-13-8300","","Care and Support for People Living with HIV","",,,,,,,,"165613.00","USD","2013-07-01","","","2013-07-01","","","","US-EIN-13-2923701","Salvation Army World Service Office","","","Total project budget","","","","","","","","","","","","","",""
"US-EIN-13-3287064NAM-SAWSO-GE-13-8301","","Megobroba Laundry Project","",,,,,,,,"2367.00","USD","2013-11-01","","","2013-11-01","","","","US-EIN-13-2923701","Salvation Army World Service Office","","","Total project budget","","","","","","","","","","","","","",""
"US-EIN-13-3287064NAM-SAWSO-IN-14-8302","","India Western Territory Community Empowerment","",,,,,,,,"285899.00","USD","2014-05-01","","","2014-05-01","","","","US-EIN-13-2923701","Salvation Army World Service Office","","","Total project budget","","","","","","","","","","","","","",""
"US-EIN-13-3287064NAM-SAWSO-HT-13-8303","","Situational Analysis of Bethel Clinic","",,,,,,,,"46175.00","USD","2013-06-03","","","2013-06-03","","","","US-EIN-13-2923701","Salvation Army World Service Office","","","Total project budget","","","","","","","","","","","","","",""
"US-EIN-13-3287064NAM-SAWSO-JM-14-8304","","Braillers for the School for the Blind","",,,,,,,,"75714.00","USD","2014-05-01","","","2014-05-01","","","","US-EIN-13-2923701","Salvation Army World Service Office","","","Total project budget","","","","","","","","","","","","","",""
"US-EIN-13-3287064NAM-SAWSO-IN-14-8305","","Truck for Waste Paper Department","",,,,,,,,"26680.00","USD","2014-06-01","","","2014-06-01","","","","US-EIN-13-2923701","Salvation Army World Service Office","","","Total project budget","","","","","","","","","","","","","",""
"US-EIN-13-3287064NAM-SAWSO-NG-14-8306","","Community HIV/AIDS Response in Lagos State (CHAIR)","",,,,,,,,"191820.00","USD","2014-01-01","","","2014-01-01","","","","US-EIN-13-2923701","Salvation Army World Service Office","","","Total project budget","","","","","","","","","","","","","",""
"US-EIN-13-3287064NAM-SAWSO-HT-13-8307","","Sustainable Vision Project","",,,,,,,,"115546.00","USD","2013-08-09","","","2013-08-09","","","","US-EIN-13-2923701","Salvation Army World Service Office","","","Total project budget","","","","","","","","","","","","","",""
"US-EIN-13-3287064NAM-SAWSO-GE-13-8308","","Legodekhi Laundry Project","",,,,,,,,"2256.00","USD","2013-11-01","","","2013-11-01","","","","US-EIN-13-2923701","Salvation Army World Service Office","","","Total project budget","","","","","","","","","","","","","",""
"US-EIN-13-3287064NAM-SAWSO-TW-13-8309","","Purchase of Dormitory Bldg for Puli Boys Home","",,,,,,,,"552543.00","USD","2013-11-01","","","2013-11-01","","","","US-EIN-13-2923701","Salvation Army World Service Office","","","Total project budget","","","","","","","","","","","","","",""
"US-EIN-13-3287064NAM-SAWSO-UG-14-8310","","Community Based HIV/TB Care & Prevention (STAR-E)","",,,,,,,,"77052.00","USD","2014-04-01","","","2014-04-01","","","","US-EIN-13-2923701","Salvation Army World Service Office","","","Total project budget","","","","","","","","","","","","","",""
"US-EIN-13-3287064NAM-SAWSO-GE-13-8311","","Batumi Serving in Community","",,,,,,,,"5904.00","USD","2013-09-01","","","2013-09-01","","","","US-EIN-13-2923701","Salvation Army World Service Office","","","Total project budget","","","","","","","","","","","","","",""
"US-EIN-13-3287064NAM-SAWSO-RO-14-8312","","Grandparents Online!","",,,,,,,,"52443.00","USD","2014-03-01","","","2014-03-01","","","","US-EIN-13-2923701","Salvation Army World Service Office","","","Total project budget","","","","","","","","","","","","","",""
"US-EIN-13-3287064NAM-SAWSO-KE-14-8313","","Maiani SA Clinic Equipment Project","",,,,,,,,"52789.00","USD","2014-01-01","","","2014-01-01","","","","US-EIN-13-2923701","Salvation Army World Service Office","","","Total project budget","","","","","","","","","","","","","",""
"US-EIN-13-3287064NAM-SAWSO-IN-14-8314","","India Central Community Empowerment Project","",,,,,,,,"177192.00","USD","2014-05-01","","","2014-05-01","","","","US-EIN-13-2923701","Salvation Army World Service Office","","","Total project budget","","","","","","","","","","","","","",""
"US-EIN-13-3287064NAM-SAWSO-JM-14-8315","","School for the Blind & Visually Impaired","",,,,,,,,"127149.00","USD","2014-03-01","","","2014-03-01","","","","US-EIN-13-2923701","Salvation Army World Service Office","","","Total project budget","","","","","","","","","","","","","",""
"US-EIN-13-3287064NAM-SAWSO-ZM-13-8316","","ZPCTII Capacity Building, Outreach and Mobilization - Kapiri & NDOLA","",,,,,,,,"100000.00","USD","2013-06-01","","","2013-06-01","","","","US-EIN-13-2923701","Salvation Army World Service Office","","","Total project budget","","","","","","","","","","","","","",""
"US-EIN-13-3287064NAM-SAWSO-TW-14-8317","","Taipei Homeless Caring Center","",,,,,,,,"180035.00","USD","2014-01-31","","","2014-01-31","","","","US-EIN-13-2923701","Salvation Army World Service Office","","","Total project budget","","","","","","","","","","","","","",""
"US-EIN-13-3287064NAM-SAWSO-ZM-13-8318","","STEPS Orphans and Vulnerable Children (OVC) - Extension","",,,,,,,,"1023662.00","USD","2013-07-12","","","2013-07-12","","","","US-EIN-13-2923701","Salvation Army World Service Office","","","Total project budget","","","","","","","","","","","","","",""
"US-EIN-13-3287064NAM-SAWSO-IN-13-8319","","Disaster Response Unit","",,,,,,,,"99000.00","USD","2013-11-01","","","2013-11-01","","","","US-EIN-13-2923701","Salvation Army World Service Office","","","Total project budget","","","","","","","","","","","","","",""
"US-EIN-13-3287064NAM-SAWSO-HT-13-8320","","Livelihood Promotion in Community Action Teams","",,,,,,,,"100000.00","USD","2013-07-01","","","2013-07-01","","","","US-EIN-13-2923701","Salvation Army World Service Office","","","Total project budget","","","","","","","","","","","","","",""
"US-EIN-13-3287064NAM-SAWSO-JM-14-8321","","Program Support - School for the Blind &Visually Impaired Part 3","",,,,,,,,"20242.00","USD","2014-07-01","","","2014-07-01","","","","US-EIN-13-2923701","Salvation Army World Service Office","","","Total project budget","","","","","","","","","","","","","",""
"US-EIN-13-3287064NAM-SAWSO-PH-13-8322","","Philippine Typhoon Proposal","",,,,,,,,"97280.00","USD","2013-11-01","","","2013-11-01","","","","US-EIN-13-2923701","Salvation Army World Service Office","","","Total project budget","","","","","","","","","","","","","",""
"US-EIN-13-3287064NAM-SAWSO-PH-13-8323","","PHL Rapid Response Medical Support","",,,,,,,,"136952.00","USD","2013-11-01","","","2013-11-01","","","","US-EIN-13-2923701","Salvation Army World Service Office","","","Total project budget","","","","","","","","","","","","","",""
"US-EIN-13-3287064NAM-SAWSO-PH-13-8324","","Super Typhoon in PHL - Tacloban","",,,,,,,,"335602.40","USD","2013-12-01","","","2013-12-01","","","","US-EIN-13-2923701","Salvation Army World Service Office","","","Total project budget","","","","","","","","","","","","","",""
"US-EIN-13-3287064NAM-SAWSO-PH-14-8325","","Roofing Material for Leyte and Sama, Philippines","",,,,,,,,"551562.60","USD","2014-01-01","","","2014-01-01","","","","US-EIN-13-2923701","Salvation Army World Service Office","","","Total project budget","","","","","","","","","","","","","",""
"US-EIN-13-3287064NAM-SAWSO-PH-14-8326","","Typhoon Yolanda Response Coconut Seedlings and Inter-Crop Seeds for the Farmers in Dulag, Leyte","",,,,,,,,"656372.67","USD","2014-04-01","","","2014-04-01","","","","US-EIN-13-2923701","Salvation Army World Service Office","","","Total project budget","","","","","","","","","","","","","",""
"US-EIN-13-3287064NAM-SAWSO-MX-14-8327","","Emergency Services Training","",,,,,,,,"31412.60","USD","2014-08-05","","","2014-08-05","","","","US-EIN-13-2923701","Salvation Army World Service Office","","","Total project budget","","","","","","","","","","","","","",""
"US-EIN-13-3287064NAM-SAWSO-CG-14-8328","","Humanitarian Assistance to Central African Republic children and mothers","",,,,,,,,"59618.00","USD","2014-07-04","","","2014-07-04","","","","US-EIN-13-2923701","Salvation Army World Service Office","","","Total project budget","","","","","","","","","","","","","",""
"US-EIN-13-3287064NAM-SAWSO-HT-12-8329","","College Verena Administrator's Quarters Construction ","",,,,,,,,"100000.00","USD","2012-02-01","","","2012-02-01","","","","US-EIN-13-2923701","Salvation Army World Service Office","","","Total project budget","","","","","","","","","","","","","",""
"US-EIN-13-3287064NAM-SAWSO-HT-12-8330","","PAUP Central Corps Quarters Construction","",,,,,,,,"100000.00","USD","2012-02-01","","","2012-02-01","","","","US-EIN-13-2923701","Salvation Army World Service Office","","","Total project budget","","","","","","","","","","","","","",""
"US-EIN-13-3287064NAM-SAWSO-HT-12-8331","","Fonds-des-Negres Corps Construction","",,,,,,,,"300000.00","USD","2012-03-01","","","2012-03-01","","","","US-EIN-13-2923701","Salvation Army World Service Office","","","Total project budget","","","","","","","","","","","","","",""
"US-EIN-13-3287064NAM-SAWSO-HT-12-8332","","Poirer Corps Construction","",,,,,,,,"180000.00","USD","2012-03-01","","","2012-03-01","","","","US-EIN-13-2923701","Salvation Army World Service Office","","","Total project budget","","","","","","","","","","","","","",""
"US-EIN-13-3287064NAM-SAWSO-HT-12-8333","","Desruisseaux Corps Construction","",,,,,,,,"124000.00","USD","2012-05-01","","","2012-05-01","","","","US-EIN-13-2923701","Salvation Army World Service Office","","","Total project budget","","","","","","","","","","","","","",""
"US-EIN-13-3287064NAM-SAWSO-HT-12-8334","","Luly Corps Quarters Construction","",,,,,,,,"122400.00","USD","2012-05-01","","","2012-05-01","","","","US-EIN-13-2923701","Salvation Army World Service Office","","","Total project budget","","","","","","","","","","","","","",""
"US-EIN-13-3287064NAM-SAWSO-HT-12-8335","","Haiti Earthquake - DHQ Officers' Quarters Construction","",,,,,,,,"966600.00","USD","2012-03-01","","","2012-03-01","","","","US-EIN-13-2923701","Salvation Army World Service Office","","","Total project budget","","","","","","","","","","","","","",""
"US-EIN-13-3287064NAM-SAWSO-HT-11-8336","","Port Au Prince Corp Construction","",,,,,,,,"2000000.00","USD","2011-09-01","","","2011-09-01","","","","US-EIN-13-2923701","Salvation Army World Service Office","","","Total project budget","","","","","","","","","","","","","",""
"US-EIN-13-3287064NAM-SAWSO-JM-12-8337","","Retired Officers Quarter Construction Repairs & Sick Benefit Fund","",,,,,,,,"44500.00","USD","2012-07-01","","","2012-07-01","","","","US-EIN-13-2923701","Salvation Army World Service Office","","","Total project budget","","","","","","","","","","","","","",""
"US-EIN-13-3287064NAM-SAWSO-HT-13-8338","","THQ Monitoring for Haiti","",,,,,,,,"33000.00","USD","2013-10-01","","","2013-10-01","","","","US-EIN-13-2923701","Salvation Army World Service Office","","","Total project budget","","","","","","","","","","","","","",""
"US-EIN-13-3287064NAM-SAWSO-JM-14-8339","","Retired Officers Quarter Construction Repairs & Sick Benefit Fund","",,,,,,,,"22000.00","USD","2014-04-01","","","2014-04-01","","","","US-EIN-13-2923701","Salvation Army World Service Office","","","Total project budget","","","","","","","","","","","","","",""
"US-EIN-13-3287064NAM-SAWSO-HT-12-8340","","Divisional Training Centre","",,,,,,,,"850000.00","USD","2012-02-01","","","2012-02-01","","","","US-EIN-13-2923701","Salvation Army World Service Office","","","Total project budget","","","","","","","","","","","","","",""
"US-EIN-13-3287064NAM-SAWSO-HT-13-8341","","Haiti Recovery & Development Office 2 Year Budget Extension","",,,,,,,,"398330.00","USD","2013-10-01","","","2013-10-01","","","","US-EIN-13-2923701","Salvation Army World Service Office","","","Total project budget","","","","","","","","","","","","","",""
"US-EIN-13-3287064NAM-SAWSO-IN-13-8342","","Super Cyclone in Eastern Coast, Odisha - INT","",,,,,,,,"10000.00","USD","2013-10-15","","","2013-10-15","","","","US-EIN-13-2923701","Salvation Army World Service Office","","","Total project budget","","","","","","","","","","","","","",""
"US-EIN-13-3287064NAM-SAWSO-UA-14-8343","","Conflict Affected People - Ukraine","",,,,,,,,"10000.00","USD","2014-07-01","","","2014-07-01","","","","US-EIN-13-2923701","Salvation Army World Service Office","","","Total project budget","","","","","","","","","","","","","",""
"US-EIN-13-3287064NAM-SAWSO-UA-14-8344","","IDP Emergency Response Program - Ukraine","",,,,,,,,"15000.00","USD","2014-07-01","","","2014-07-01","","","","US-EIN-13-2923701","Salvation Army World Service Office","","","Total project budget","","","","","","","","","","","","","",""
"US-EIN-13-3287064NAM-SAWSO-LK-14-8345","","Emergency relief for victims affected with the drought and lack of safe water for community consumption.","",,,,,,,,"20000.00","USD","2014-08-01","","","2014-08-01","","","","US-EIN-13-2923701","Salvation Army World Service Office","","","Total project budget","","","","","","","","","","","","","",""
"US-EIN-13-3287064NAM-SAWSO-AO-10-8346","","Strengthening CORE Group Polio Project Impact","",,,,,,,,"186064.00","USD","2010-10-19","","","2010-10-19","","","","US-EIN-13-2923701","Salvation Army World Service Office","","","Total project budget","","","","","","","","","","","","","",""
"US-EIN-13-3287064NAM-SAWSO-JP-13-8347","","Minamisanriku Chamber of Commerce and Industry (CCI) Support Project","",,,,,,,,"118279.00","USD","2013-03-15","","","2013-03-15","","","","US-EIN-13-2923701","Salvation Army World Service Office","","","Total project budget","","","","","","","","","","","","","",""
"US-EIN-13-3287064NAM-SAWSO-JP-13-8348","","Minamisanriku Pavilion Project - temporary business centre","",,,,,,,,"347311.00","USD","2013-03-15","","","2013-03-15","","","","US-EIN-13-2923701","Salvation Army World Service Office","","","Total project budget","","","","","","","","","","","","","",""
"US-EIN-13-3287064NAM-SAWSO-JP-14-8349","","Onagawa Kitchen Project - food and training for vulnerable citizens","",,,,,,,,"306937.00","USD","2014-01-09","","","2014-01-09","","","","US-EIN-13-2923701","Salvation Army World Service Office","","","Total project budget","","","","","","","","","","","","","",""
"US-EIN-13-3287064NAM-SAWSO-AR-13-8359","","Zonal IT Coordinator (Americas)","",,,,,,,,"78339.00","USD","2013-02-13","","","2013-02-13","","","","US-EIN-13-2923701","Salvation Army World Service Office","","","Total project budget","","","","","","","","","","","","","",""
"US-EIN-13-3287064NAM-SAWSO-BD-13-8699","","Community Based Disaster Preparation","",,,,,,,,"95962.88","USD","2013-07-01","","","2013-07-01","","","","US-EIN-13-2923701","Salvation Army World Service Office","","","Total project budget","","","","","","","","","","","","","",""
"US-EIN-13-3287064NAM-SAWSO-LR-14-8715","","SUPPORT TO DESPERATE VICTIMS OF EBOLA OUTBREAK IN LIBERIA","",,,,,,,,"25550.00","USD","2014-09-20","","","2014-09-20","","","","US-EIN-13-2923701","Salvation Army World Service Office","","","Total project budget","","","","","","","","","","","","","",""
"US-EIN-13-3287064NAM-SAWSO-HT-12-19835","","Haiti Earthquake - Land Purchase for Bellamy School","",,,,,,,,"7096.00","USD","2012-05-01","","","2012-05-01","","","","US-EIN-13-2923701","Salvation Army World Service Office","","","Total project budget","","","","","","","","","","","","","",""
"US-EIN-13-3287064NAM-SAWSO-HT-10-19836","","HRD Operating Budget","",,,,,,,,"1560785.00","USD","2010-09-01","","","2010-09-01","","","","US-EIN-13-2923701","Salvation Army World Service Office","","","Total project budget","","","","","","","","","","","","","",""
"US-EIN-13-3287064NAM-SAWSO-HT-11-19837","","Haiti Santo Warehouse Management","",,,,,,,,"562150.00","USD","2011-10-01","","","2011-10-01","","","","US-EIN-13-2923701","Salvation Army World Service Office","","","Total project budget","","","","","","","","","","","","","",""
"US-EIN-13-3287064NAM-SAWSO-HT-12-19838","","Haiti Earthquake - Land Purchase for Bainet School","",,,,,,,,"21386.00","USD","2012-05-01","","","2012-05-01","","","","US-EIN-13-2923701","Salvation Army World Service Office","","","Total project budget","","","","","","","","","","","","","",""
"US-EIN-13-3287064NAM-SAWSO-HT-12-19839","","Haiti Earthquake - Establishing Numana Distribution","",,,,,,,,"74240.00","USD","2012-06-01","","","2012-06-01","","","","US-EIN-13-2923701","Salvation Army World Service Office","","","Total project budget","","","","","","","","","","","","","",""
"US-EIN-13-3287064NAM-SAWSO-HT-12-19840","","2012-2013 THQ Monitoring for Haiti (& HRD)2012-2013 THQ Monitoring for Haiti (& HRD) Projects funded by SAWSO","",,,,,,,,"17500.00","USD","2012-10-01","","","2012-10-01","","","","US-EIN-13-2923701","Salvation Army World Service Office","","","Total project budget","","","","","","","","","","","","","",""
"US-EIN-13-3287064NAM-SAWSO-KE-14-19841","","Education Training Centre – Site Improvement  in the Kenya West Territory","",,,,,,,,"76000.00","USD","2014-04-30","","","2014-04-30","","","","US-EIN-13-2923701","Salvation Army World Service Office","","","Total project budget","","","","","","","","","","","","","",""
"US-EIN-13-3287064NAM-SAWSO-LR-14-19842","","Support to Ebola contracted Officers, Staff, and Family Members","",,,,,,,,"8000.00","USD","2014-11-01","","","2014-11-01","","","","US-EIN-13-2923701","Salvation Army World Service Office","","","Total project budget","","","","","","","","","","","","","",""
"US-EIN-13-3287064NAM-SAWSO-HT-13-19843","","Land Purchase for Petite Place","",,,,,,,,"55700.00","USD","2013-01-01","","","2013-01-01","","","","US-EIN-13-2923701","Salvation Army World Service Office","","","Total project budget","","","","","","","","","","","","","",""
"US-EIN-13-3287064NAM-SAWSO-PK-14-19844","","Flood Mitigation and Preparedness","",,,,,,,,"301048.00","USD","2014-10-01","","","2014-10-01","","","","US-EIN-13-2923701","Salvation Army World Service Office","","","Total project budget","","","","","","","","","","","","","",""
"US-EIN-13-3287064NAM-SAWSO-LK-15-19845","","Hikkaduwa Church & Community Centre Renovations","",,,,,,,,"33000.00","USD","2015-01-01","","","2015-01-01","","","","US-EIN-13-2923701","Salvation Army World Service Office","","","Total project budget","","","","","","","","","","","","","",""
"US-EIN-13-3287064NAM-SAWSO-LK-15-19846","","Jaffna Corps & Community Centre Furnishings & Equipment","",,,,,,,,"30000.00","USD","2015-01-01","","","2015-01-01","","","","US-EIN-13-2923701","Salvation Army World Service Office","","","Total project budget","","","","","","","","","","","","","",""
"US-EIN-13-3287064NAM-SAWSO-LK-15-19847","","Kalutara & Rambukkana Campsite Equipment","",,,,,,,,"9000.00","USD","2015-01-01","","","2015-01-01","","","","US-EIN-13-2923701","Salvation Army World Service Office","","","Total project budget","","","","","","","","","","","","","",""
"US-EIN-13-3287064NAM-SAWSO-HT-15-19848","","2015-2017 CAR Monitoring for Haiti (HRD) Projects ","",,,,,,,,"40000.00","USD","2015-10-01","","","2015-10-01","","","","US-EIN-13-2923701","Salvation Army World Service Office","","","Total project budget","","","","","","","","","","","","","",""
"US-EIN-13-3287064NAM-SAWSO-HT-16-19849","","Repurchase of Petit Goave Property","",,,,,,,,"150700.00","USD","2016-08-15","","","2016-08-15","","","","US-EIN-13-2923701","Salvation Army World Service Office","","","Total project budget","","","","","","","","","","","","","",""
"US-EIN-13-3287064NAM-SAWSO-CL-16-19850","","Repairs at Valparaiso Men's Home","",,,,,,,,"14234.00","USD","2016-07-01","","","2016-07-01","","","","US-EIN-13-2923701","Salvation Army World Service Office","","","Total project budget","","","","","","","","","","","","","",""
"US-EIN-13-3287064NAM-SAWSO-CL-16-19851","","Remodeling Men's Students Residence","",,,,,,,,"42274.00","USD","2016-07-01","","","2016-07-01","","","","US-EIN-13-2923701","Salvation Army World Service Office","","","Total project budget","","","","","","","","","","","","","",""
"US-EIN-13-3287064NAM-SAWSO-CL-16-19852","","Repairs to Women's Student Residence","",,,,,,,,"38357.00","USD","2016-07-01","","","2016-07-01","","","","US-EIN-13-2923701","Salvation Army World Service Office","","","Total project budget","","","","","","","","","","","","","",""
"US-EIN-13-3287064NAM-SAWSO-IT-16-19853","","Vehicle for Refugees' Transport","",,,,,,,,"25497.00","USD","2016-05-01","","","2016-05-01","","","","US-EIN-13-2923701","Salvation Army World Service Office","","","Total project budget","","","","","","","","","","","","","",""
"US-EIN-13-3287064NAM-SAWSO-NP-15-19854","","Nepal Recovery-Staff Support","",,,,,,,,"189757.00","USD","2015-10-01","","","2015-10-01","","","","US-EIN-13-2923701","Salvation Army World Service Office","","","Total project budget","","","","","","","","","","","","","",""
"US-EIN-13-3287064NAM-SAWSO-HT-10-19874","","Managing the Peace – Place de la Paix","",,,,,,,,"94953.00","USD","2010-06-01","","","2010-06-01","","","","US-EIN-13-2923701","Salvation Army World Service Office","","","Total project budget","","","","","","","","","","","","","",""
"US-EIN-13-3287064NAM-SAWSO-NG-11-19875","","Lagos Flooding Emergency","",,,,,,,,"77936.00","USD","2011-07-10","","","2011-07-10","","","","US-EIN-13-2923701","Salvation Army World Service Office","","","Total project budget","","","","","","","","","","","","","",""
"US-EIN-13-3287064NAM-SAWSO-PH-12-19876","","Floods in Metro Manila & Nearby Provinces","",,,,,,,,"125000.00","USD","2012-08-20","","","2012-08-20","","","","US-EIN-13-2923701","Salvation Army World Service Office","","","Total project budget","","","","","","","","","","","","","",""
"US-EIN-13-3287064NAM-SAWSO-PH-12-19877","","Mindanao Flooding/Davao Oriental Flashflood ","",,,,,,,,"72009.00","USD","2012-12-26","","","2012-12-26","","","","US-EIN-13-2923701","Salvation Army World Service Office","","","Total project budget","","","","","","","","","","","","","",""
"US-EIN-13-3287064NAM-SAWSO-IN-13-19878","","IET Refugee Services - Kokrajhar & Chirang","",,,,,,,,"290450.00","USD","2013-02-21","","","2013-02-21","","","","US-EIN-13-2923701","Salvation Army World Service Office","","","Total project budget","","","","","","","","","","","","","",""
"US-EIN-13-3287064NAM-SAWSO-PH-13-19879","","Floods in the Philippines","",,,,,,,,"72500.00","USD","2013-09-01","","","2013-09-01","","","","US-EIN-13-2923701","Salvation Army World Service Office","","","Total project budget","","","","","","","","","","","","","",""
"US-EIN-13-3287064NAM-SAWSO-PK-13-19880","","Pakistan Flood - Sehrish Naqir Hyderabad","",,,,,,,,"37565.00","USD","2013-09-25","","","2013-09-25","","","","US-EIN-13-2923701","Salvation Army World Service Office","","","Total project budget","","","","","","","","","","","","","",""
"US-EIN-13-3287064NAM-SAWSO-PH-13-19881",""," Floods in Landslides and Flash Floods in Olongapo, Philippines.","",,,,,,,,"33137.00","USD","2013-10-15","","","2013-10-15","","","","US-EIN-13-2923701","Salvation Army World Service Office","","","Total project budget","","","","","","","","","","","","","",""
"US-EIN-13-3287064NAM-SAWSO-PK-13-19882","","Flood Affected Areas in Punjab","",,,,,,,,"111524.00","USD","2013-11-10","","","2013-11-10","","","","US-EIN-13-2923701","Salvation Army World Service Office","","","Total project budget","","","","","","","","","","","","","",""
"US-EIN-13-3287064NAM-SAWSO-PH-14-19883","","Partnership Conference Relative Super Typhoon Haiyan in the Philippines","",,,,,,,,"28173.00","USD","2014-02-03","","","2014-02-03","","","","US-EIN-13-2923701","Salvation Army World Service Office","","","Total project budget","","","","","","","","","","","","","",""
"US-EIN-13-3287064NAM-SAWSO-PH-14-19884","","Disaster Plan Meeting","",,,,,,,,"7774.00","USD","2014-04-07","","","2014-04-07","","","","US-EIN-13-2923701","Salvation Army World Service Office","","","Total project budget","","","","","","","","","","","","","",""
"US-EIN-13-3287064NAM-SAWSO-PH-14-19885","","Typhoon Glenda Relief Assistance to the Philippines","",,,,,,,,"44505.00","USD","2014-08-01","","","2014-08-01","","","","US-EIN-13-2923701","Salvation Army World Service Office","","","Total project budget","","","","","","","","","","","","","",""
"US-EIN-13-3287064NAM-SAWSO-PK-14-19886","","Emergency Relief for Flood Victims","",,,,,,,,"173215.00","USD","2014-10-05","","","2014-10-05","","","","US-EIN-13-2923701","Salvation Army World Service Office","","","Total project budget","","","","","","","","","","","","","",""
"US-EIN-13-3287064NAM-SAWSO-IN-14-19887","","Relief for Flood Victims of Jammu & Kashmir","",,,,,,,,"59464.00","USD","2014-11-01","","","2014-11-01","","","","US-EIN-13-2923701","Salvation Army World Service Office","","","Total project budget","","","","","","","","","","","","","",""
"US-EIN-13-3287064NAM-SAWSO-PK-14-19888","","Flood Affected Areas of Punjab","",,,,,,,,"123442.00","USD","2014-10-01","","","2014-10-01","","","","US-EIN-13-2923701","Salvation Army World Service Office","","","Total project budget","","","","","","","","","","","","","",""
"US-EIN-13-3287064NAM-SAWSO-LR-14-19889","","3 months food proposal Mount Barclay","",,,,,,,,"107000.00","USD","2014-12-01","","","2014-12-01","","","","US-EIN-13-2923701","Salvation Army World Service Office","","","Total project budget","","","","","","","","","","","","","",""
"US-EIN-13-3287064NAM-SAWSO-KE-14-19890","","Kenya Food for Fees Program","",,,,,,,,"170000.00","USD","2014-11-01","","","2014-11-01","","","","US-EIN-13-2923701","Salvation Army World Service Office","","","Total project budget","","","","","","","","","","","","","",""
"US-EIN-13-3287064NAM-SAWSO-CF-15-19891","","Humanitarian Assistance to refugees and school children from Central African Republic, Bétou and Ikpengbélé ","",,,,,,,,"61902.00","USD","2015-01-01","","","2015-01-01","","","","US-EIN-13-2923701","Salvation Army World Service Office","","","Total project budget","","","","","","","","","","","","","",""
"US-EIN-13-3287064NAM-SAWSO-NG-15-19892",""," Food and NFI (Non-Food Items) Relief in Bondong IDP Camp","",,,,,,,,"34388.00","USD","2015-03-01","","","2015-03-01","","","","US-EIN-13-2923701","Salvation Army World Service Office","","","Total project budget","","","","","","","","","","","","","",""
"US-EIN-13-3287064NAM-SAWSO-NP-15-19893","","Nepal Earthquake Relief Operation","",,,,,,,,"19073.00","USD","2015-05-10","","","2015-05-10","","","","US-EIN-13-2923701","Salvation Army World Service Office","","","Total project budget","","","","","","","","","","","","","",""
"US-EIN-13-3287064NAM-SAWSO-NP-15-19894","","Nepal Earthquake Logistics Support Project","",,,,,,,,"115500.00","USD","2015-05-01","","","2015-05-01","","","","US-EIN-13-2923701","Salvation Army World Service Office","","","Total project budget","","","","","","","","","","","","","",""
"US-EIN-13-3287064NAM-SAWSO-RW-15-19895","","Provision of Buckets in Mahama Camp, Rwanda","",,,,,,,,"135367.00","USD","2015-06-01","","","2015-06-01","","","","US-EIN-13-2923701","Salvation Army World Service Office","","","Total project budget","","","","","","","","","","","","","",""
"US-EIN-13-3287064NAM-SAWSO-NP-15-19896","","Nepal Earthquake - Temporary Schools, Houses and Toilets ","",,,,,,,,"77819.00","USD","2015-05-25","","","2015-05-25","","","","US-EIN-13-2923701","Salvation Army World Service Office","","","Total project budget","","","","","","","","","","","","","",""
"US-EIN-13-3287064NAM-SAWSO-VU-15-19897","","Vanuatu, Erakor Project","",,,,,,,,"55125.00","USD","2015-07-01","","","2015-07-01","","","","US-EIN-13-2923701","Salvation Army World Service Office","","","Total project budget","","","","","","","","","","","","","",""
"US-EIN-13-3287064NAM-SAWSO-NP-15-19898","","Nepal Relief Operation Food and Quilts","",,,,,,,,"299985.00","USD","2015-07-01","","","2015-07-01","","","","US-EIN-13-2923701","Salvation Army World Service Office","","","Total project budget","","","","","","","","","","","","","",""
"US-EIN-13-3287064NAM-SAWSO-CL-15-19899","","SAW Emergency Workshop","",,,,,,,,"14879.00","USD","2015-10-04","","","2015-10-04","","","","US-EIN-13-2923701","Salvation Army World Service Office","","","Total project budget","","","","","","","","","","","","","",""
"US-EIN-13-3287064NAM-SAWSO-NP-15-19900","","Shelter Materials for 1,000 Families","",,,,,,,,"205275.00","USD","2015-09-01","","","2015-09-01","","","","US-EIN-13-2923701","Salvation Army World Service Office","","","Total project budget","","","","","","","","","","","","","",""
"US-EIN-13-3287064NAM-SAWSO-NP-15-19901","","Relief Administration, Logistics, Personnel and Housing","",,,,,,,,"61740.00","USD","2015-09-01","","","2015-09-01","","","","US-EIN-13-2923701","Salvation Army World Service Office","","","Total project budget","","","","","","","","","","","","","",""
"US-EIN-13-3287064NAM-SAWSO-GR-15-19902",""," Supporting refugees in Athens","",,,,,,,,"140752.00","USD","2015-10-06","","","2015-10-06","","","","US-EIN-13-2923701","Salvation Army World Service Office","","","Total project budget","","","","","","","","","","","","","",""
"US-EIN-13-3287064NAM-SAWSO-GR-15-19903",""," Greece, relief operation support staff ","",,,,,,,,"10994.00","USD","2015-10-06","","","2015-10-06","","","","US-EIN-13-2923701","Salvation Army World Service Office","","","Total project budget","","","","","","","","","","","","","",""
"US-EIN-13-3287064NAM-SAWSO-IT-15-19904","","Housing for Refugees","",,,,,,,,"169283.00","USD","2015-10-01","","","2015-10-01","","","","US-EIN-13-2923701","Salvation Army World Service Office","","","Total project budget","","","","","","","","","","","","","",""
"US-EIN-13-3287064NAM-SAWSO-DE-15-19905","","Provision of Light-Build Facility to Leipzig, Germany","",,,,,,,,"72000.00","USD","2015-11-01","","","2015-11-01","","","","US-EIN-13-2923701","Salvation Army World Service Office","","","Total project budget","","","","","","","","","","","","","",""
"US-EIN-13-3287064NAM-SAWSO-ZM-16-19906","","Syakalayabanyama & Chaanga Emergency Food Relief","",,,,,,,,"49546.00","USD","2016-07-01","","","2016-07-01","","","","US-EIN-13-2923701","Salvation Army World Service Office","","","Total project budget","","","","","","","","","","","","","",""
"US-EIN-13-3287064NAM-SAWSO-PH-15-20283","","Typhoon Yolanda Comprehensive Livelihood and Entrepreneurial Program","",,,,,,,,"1200000.00","USD","2015-07-01","","","2015-07-01","","","","US-EIN-13-2923701","Salvation Army World Service Office","","","Total project budget","","","","","","","","","","","","","",""
"US-EIN-13-3287064NAM-SAWSO-PH-15-20284","","Construction of 3 Story Building for Comprehensive Livelihood and Entrepreneurial Program (CLEP) in Tacloban City","",,,,,,,,"1600000.00","USD","2015-01-01","","","2015-01-01","","","","US-EIN-13-2923701","Salvation Army World Service Office","","","Total project budget","","","","","","","","","","","","","",""
"US-EIN-13-3287064NAM-SAWSO-MD-15-20285","","Mobile Clinic Moldova 2015-2017","",,,,,,,,"268358.00","USD","2015-01-01","","","2015-01-01","","","","US-EIN-13-2923701","Salvation Army World Service Office","","","Total project budget","","","","","","","","","","","","","",""
"US-EIN-13-3287064NAM-SAWSO-TW-15-20286","","Taipei Homeless Caring Centre - Programme Support (Inst. Based)","",,,,,,,,"124737.00","USD","2015-01-01","","","2015-01-01","","","","US-EIN-13-2923701","Salvation Army World Service Office","","","Total project budget","","","","","","","","","","","","","",""
"US-EIN-13-3287064NAM-SAWSO-GE-15-20287","","Ponichala Dry Food Project","",,,,,,,,"4932.00","USD","2015-03-01","","","2015-03-01","","","","US-EIN-13-2923701","Salvation Army World Service Office","","","Total project budget","","","","","","","","","","","","","",""
"US-EIN-13-3287064NAM-SAWSO-GE-15-20288","","Digomi Music Class 2015 Programme Support (non-inst based)","",,,,,,,,"3698.00","USD","2015-03-01","","","2015-03-01","","","","US-EIN-13-2923701","Salvation Army World Service Office","","","Total project budget","","","","","","","","","","","","","",""
"US-EIN-13-3287064NAM-SAWSO-GE-15-20289","","Ponichala Music Class 2015 Programme Support (non-inst based)","",,,,,,,,"5290.00","USD","2015-03-01","","","2015-03-01","","","","US-EIN-13-2923701","Salvation Army World Service Office","","","Total project budget","","","","","","","","","","","","","",""
"US-EIN-13-3287064NAM-SAWSO-CL-15-20290","","Institutional Support:  Equipment for Emergency Kitchen","",,,,,,,,"7000.00","USD","2015-05-01","","","2015-05-01","","","","US-EIN-13-2923701","Salvation Army World Service Office","","","Total project budget","","","","","","","","","","","","","",""
"US-EIN-13-3287064NAM-SAWSO-ID-15-20291","","Mutiara Kasih/Pearl of Love Children's Home Institutional Support","",,,,,,,,"400676.00","USD","2015-06-01","","","2015-06-01","","","","US-EIN-13-2923701","Salvation Army World Service Office","","","Total project budget","","","","","","","","","","","","","",""
"US-EIN-13-3287064NAM-SAWSO-KE-15-20292","","Nairobi Urban Community Health Project","",,,,,,,,"2259827.00","USD","2015-10-01","","","2015-10-01","","","","US-EIN-13-2923701","Salvation Army World Service Office","","","Total project budget","","","","","","","","","","","","","",""
"US-EIN-13-3287064NAM-SAWSO-JM-15-20293","","Program Support (institutional Based) - Nest Generator & Painting","",,,,,,,,"28292.00","USD","2015-09-01","","","2015-09-01","","","","US-EIN-13-2923701","Salvation Army World Service Office","","","Total project budget","","","","","","","","","","","","","",""
"US-EIN-13-3287064NAM-SAWSO-IN-15-20294","","Mumbai Street Slum Children healthy living Programme","",,,,,,,,"207192.00","USD","2015-01-01","","","2015-01-01","","","","US-EIN-13-2923701","Salvation Army World Service Office","","","Total project budget","","","","","","","","","","","","","",""
"US-EIN-13-3287064NAM-SAWSO-ID-15-20295",""," Nias Emergency/Guest House Quarters","",,,,,,,,"2980.00","USD","2015-10-01","","","2015-10-01","","","","US-EIN-13-2923701","Salvation Army World Service Office","","","Total project budget","","","","","","","","","","","","","",""
"US-EIN-13-3287064NAM-SAWSO-LK-16-20296","","Mobile Medical Clinic - Polannaruwa","",,,,,,,,"196754.00","USD","2016-01-01","","","2016-01-01","","","","US-EIN-13-2923701","Salvation Army World Service Office","","","Total project budget","","","","","","","","","","","","","",""
"US-EIN-13-3287064NAM-SAWSO-ID-16-20297","","Uppemas Livelihood Program","",,,,,,,,"67470.00","USD","2016-03-01","","","2016-03-01","","","","US-EIN-13-2923701","Salvation Army World Service Office","","","Total project budget","","","","","","","","","","","","","",""
"US-EIN-13-3287064NAM-SAWSO-IN-15-20298","","Manickamputhoor School","",,,,,,,,"39400.00","USD","2015-09-01","","","2015-09-01","","","","US-EIN-13-2923701","Salvation Army World Service Office","","","Total project budget","","","","","","","","","","","","","",""
"US-EIN-13-3287064NAM-SAWSO-ID-15-20299","","Educational Support for Surabaya Nursing Academy Instructors - Institutional Support","",,,,,,,,"68571.00","USD","2015-12-01","","","2015-12-01","","","","US-EIN-13-2923701","Salvation Army World Service Office","","","Total project budget","","","","","","","","","","","","","",""
"US-EIN-13-3287064NAM-SAWSO-GE-16-20300","","Georgia United AfterSchool","",,,,,,,,"134006.00","USD","2016-09-01","","","2016-09-01","","","","US-EIN-13-2923701","Salvation Army World Service Office","","","Total project budget","","","","","","","","","","","","","",""
"US-EIN-13-3287064NAM-SAWSO-ID-16-20301",""," Hilimondegeraya Community Hall","",,,,,,,,"28156.00","USD","2016-01-01","","","2016-01-01","","","","US-EIN-13-2923701","Salvation Army World Service Office","","","Total project budget","","","","","","","","","","","","","",""
"US-EIN-13-3287064NAM-SAWSO-HT-16-20302","","Promotion and Enhancement of Sustainable Livelihood Activities in the Community Action Teams","",,,,,,,,"452374.00","USD","2016-10-31","","","2016-10-31","","","","US-EIN-13-2923701","Salvation Army World Service Office","","","Total project budget","","","","","","","","","","","","","",""
"US-EIN-13-3287064NAM-SAWSO-JM-16-20303","","Institutional Support - The Nest Children's Home Repairs","",,,,,,,,"10000.00","USD","2016-03-01","","","2016-03-01","","","","US-EIN-13-2923701","Salvation Army World Service Office","","","Total project budget","","","","","","","","","","","","","",""
"US-EIN-13-3287064NAM-SAWSO-IN-15-20304","","Repair and Renovation work at K.E. Home Social Services Centre","",,,,,,,,"18000.00","USD","2015-12-01","","","2015-12-01","","","","US-EIN-13-2923701","Salvation Army World Service Office","","","Total project budget","","","","","","","","","","","","","",""
"US-EIN-13-3287064NAM-SAWSO-PG-16-20305","","Primary School Classrooms","",,,,,,,,"230621.00","USD","2016-04-01","","","2016-04-01","","","","US-EIN-13-2923701","Salvation Army World Service Office","","","Total project budget","","","","","","","","","","","","","",""
"US-EIN-13-3287064NAM-SAWSO-IN-16-20306","","Integrated Community Empowerment Programme","",,,,,,,,"230586.00","USD","2016-04-01","","","2016-04-01","","","","US-EIN-13-2923701","Salvation Army World Service Office","","","Total project budget","","","","","","","","","","","","","",""
"US-EIN-13-3287064NAM-SAWSO-CD-16-20307","","Agricultural Implements for Territorial Self Sufficiency Initiatives","",,,,,,,,"68550.00","USD","2016-10-01","","","2016-10-01","","","","US-EIN-13-2923701","Salvation Army World Service Office","","","Total project budget","","","","","","","","","","","","","",""
"US-EIN-13-3287064NAM-SAWSO-CD-16-20308","","Territorial Banana & Plantain Production for Self Sufficiency","",,,,,,,,"210140.00","USD","2016-10-01","","","2016-10-01","","","","US-EIN-13-2923701","Salvation Army World Service Office","","","Total project budget","","","","","","","","","","","","","",""
"US-EIN-13-3287064NAM-SAWSO-PY-16-20309","","Tekokatu Medical Clinic","",,,,,,,,"451271.00","USD","2016-10-01","","","2016-10-01","","","","US-EIN-13-2923701","Salvation Army World Service Office","","","Total project budget","","","","","","","","","","","","","",""
"US-EIN-13-3287064NAM-SAWSO-HT-16-20310","","Institutional Support - Bethany Children's Home (Donation)","",,,,,,,,"10000.00","USD","2016-06-01","","","2016-06-01","","","","US-EIN-13-2923701","Salvation Army World Service Office","","","Total project budget","","","","","","","","","","","","","",""
"US-EIN-13-3287064NAM-SAWSO-ID-16-20311","","School Capacity Development Strategy Needs Assessment for Indonesia","",,,,,,,,"7000.00","USD","2016-10-01","","","2016-10-01","","","","US-EIN-13-2923701","Salvation Army World Service Office","","","Total project budget","","","","","","","","","","","","","",""
"US-EIN-13-3287064NAM-SAWSO-JP-14-20347","","Japan Recovery and Preparedness Program ","",,,,,,,,"1205224.00","USD","2014-10-01","","","2014-10-01","","","","US-EIN-13-2923701","Salvation Army World Service Office","","","Total project budget","","","","","","","","","","","","","",""
"US-EIN-13-3287064NAM-SAWSO-JP-15-20348","","Japan Assessment & Project Development","",,,,,,,,"37673.00","USD","2015-11-01","","","2015-11-01","","","","US-EIN-13-2923701","Salvation Army World Service Office","","","Total project budget","","","","","","","","","","","","","",""
"US-EIN-13-3287064NAM-SAWSO-JP-14-20349","","Minamisanriku Pavillion Interior Project","",,,,,,,,"20410.00","USD","2014-02-28","","","2014-02-28","","","","US-EIN-13-2923701","Salvation Army World Service Office","","","Total project budget","","","","","","","","","","","","","",""
"US-EIN-13-3287064NAM-SAWSO-JP-15-20350","","Viva Minamisanriku Elderly Support project ","",,,,,,,,"100000.00","USD","2015-09-01","","","2015-09-01","","","","US-EIN-13-2923701","Salvation Army World Service Office","","","Total project budget","","","","","","","","","","","","","",""
"US-EIN-13-3287064NAM-SAWSO-JP-15-20351","","Megumi project for self-support of women in Onagawa ","",,,,,,,,"91667.00","USD","2015-10-01","","","2015-10-01","","","","US-EIN-13-2923701","Salvation Army World Service Office","","","Total project budget","","","","","","","","","","","","","",""
"US-EIN-13-3287064NAM-SAWSO-JP-15-20352","","Kirara Onagawa support project to the intellectually disabled ","",,,,,,,,"79946.00","USD","2015-10-01","","","2015-10-01","","","","US-EIN-13-2923701","Salvation Army World Service Office","","","Total project budget","","","","","","","","","","","","","",""
"US-EIN-13-3287064NAM-SAWSO-JP-16-20353","","Onagawa Fisherman Support Project ","",,,,,,,,"41667.00","USD","2016-01-01","","","2016-01-01","","","","US-EIN-13-2923701","Salvation Army World Service Office","","","Total project budget","","","","","","","","","","","","","",""
"US-EIN-13-3287064NAM-SAWSO-JP-15-20354","","Disaster chaplaincy programs (Preparedness and Community Outreach)","",,,,,,,,"233100.00","USD","2015-10-01","","","2015-10-01","","","","US-EIN-13-2923701","Salvation Army World Service Office","","","Total project budget","","","","","","","","","","","","","",""
"US-EIN-13-3287064NAM-SAWSO-JP-15-20355","","Preparedness for future disaster (storage materials and FBF training)","",,,,,,,,"227983.00","USD","2015-10-01","","","2015-10-01","","","","US-EIN-13-2923701","Salvation Army World Service Office","","","Total project budget","","","","","","","","","","","","","",""
"US-EIN-13-3287064NAM-SAWSO-JP-15-20356","","Minamisanriku Kanaminomori Intellectually Disabled Support Project ","",,,,,,,,"133333.00","USD","2015-10-01","","","2015-10-01","","","","US-EIN-13-2923701","Salvation Army World Service Office","","","Total project budget","","","","","","","","","","","","","",""
"US-EIN-13-3287064NAM-SAWSO-JP-15-20357","","Salvation Army Onagawa Office Setting-Up Project  ","",,,,,,,,"13717.00","USD","2015-10-01","","","2015-10-01","","","","US-EIN-13-2923701","Salvation Army World Service Office","","","Total project budget","","","","","","","","","","","","","",""
"US-EIN-13-3287064NAM-SAWSO-JP-16-20358","","Kogakukan Children’s Support Program","",,,,,,,,"416666.00","USD","2016-04-01","","","2016-04-01","","","","US-EIN-13-2923701","Salvation Army World Service Office","","","Total project budget","","","","","","","","","","","","","",""
"US-EIN-13-3287064NAM-SAWSO-JP-15-20359","","Japan Tsunami Long Term Recovery Oversite and Management Plan and Budget","",,,,,,,,"508240.00","USD","2015-09-01","","","2015-09-01","","","","US-EIN-13-2923701","Salvation Army World Service Office","","","Total project budget","","","","","","","","","","","","","",""
"US-EIN-13-3287064NAM-SAWSO-ID-15-20360","","Clean Water for Sumbeikan Village, Indonesia Territory ","",,,,,,,,"650.00","USD","2015-10-01","","","2015-10-01","","","","US-EIN-13-2923701","Salvation Army World Service Office","","","Total project budget","","","","","","","","","","","","","",""
"US-EIN-13-3287064NAM-SAWSO-JP-11-20361","","Minamisanriku Temporary Shop Project","",,,,,,,,"1500000.00","USD","2011-10-11","","","2011-10-11","","","","US-EIN-13-2923701","Salvation Army World Service Office","","","Total project budget","","","","","","","","","","","","","",""
"US-EIN-13-3287064NAM-SAWSO-ID-12-20362","","Kulawi & Lindu, Central Sulawesi Earthquake Response","",,,,,,,,"150000.00","USD","2012-08-23","","","2012-08-23","","","","US-EIN-13-2923701","Salvation Army World Service Office","","","Total project budget","","","","","","","","","","","","","",""
"US-EIN-13-3287064NAM-SAWSO-LK-14-20363","","Emergency Relief for Flood Victims ","",,,,,,,,"10000.00","USD","2014-06-04","","","2014-06-04","","","","US-EIN-13-2923701","Salvation Army World Service Office","","","Total project budget","","","","","","","","","","","","","",""
"US-EIN-13-3287064NAM-SAWSO-RU-14-20364","","Crimea Refugee Support","",,,,,,,,"10000.00","USD","2014-08-14","","","2014-08-14","","","","US-EIN-13-2923701","Salvation Army World Service Office","","","Total project budget","","","","","","","","","","","","","",""
"US-EIN-13-3287064NAM-SAWSO-MX-14-20365","","Hurricane Odile Baja California","",,,,,,,,"23000.00","USD","2014-09-20","","","2014-09-20","","","","US-EIN-13-2923701","Salvation Army World Service Office","","","Total project budget","","","","","","","","","","","","","",""
"US-EIN-13-3287064NAM-SAWSO-RU-14-20366","","Floods in Georgia 2014","",,,,,,,,"3100.00","USD","2014-10-01","","","2014-10-01","","","","US-EIN-13-2923701","Salvation Army World Service Office","","","Total project budget","","","","","","","","","","","","","",""
"US-EIN-13-3287064NAM-SAWSO-IN-14-20367","","Relief for victims of Hudhud Cyclone at Gajapati District in Odisha","",,,,,,,,"19985.00","USD","2014-10-20","","","2014-10-20","","","","US-EIN-13-2923701","Salvation Army World Service Office","","","Total project budget","","","","","","","","","","","","","",""
"US-EIN-13-3287064NAM-SAWSO-IN-14-20368","","Immediate help to cyclone victims, Rajahmundry, Tanuku","",,,,,,,,"20000.00","USD","2014-10-20","","","2014-10-20","","","","US-EIN-13-2923701","Salvation Army World Service Office","","","Total project budget","","","","","","","","","","","","","",""
"US-EIN-13-3287064NAM-SAWSO-MZ-15-20369","","Rapid response (1st phase), Mocuba Flooding in Zambezia Province","",,,,,,,,"20000.00","USD","2015-01-01","","","2015-01-01","","","","US-EIN-13-2923701","Salvation Army World Service Office","","","Total project budget","","","","","","","","","","","","","",""
"US-EIN-13-3287064NAM-SAWSO-PK-15-20370","","Displaced Families from Rimsha Masih Islamabad","",,,,,,,,"16773.00","USD","2015-02-25","","","2015-02-25","","","","US-EIN-13-2923701","Salvation Army World Service Office","","","Total project budget","","","","","","","","","","","","","",""
"US-EIN-13-3287064NAM-SAWSO-CL-15-20371","","Atacama Region Floods","",,,,,,,,"16500.00","USD","2015-03-26","","","2015-03-26","","","","US-EIN-13-2923701","Salvation Army World Service Office","","","Total project budget","","","","","","","","","","","","","",""
"US-EIN-13-3287064NAM-SAWSO-NP-15-20372","","Nepal Earthquake","",,,,,,,,"20000.00","USD","2015-04-28","","","2015-04-28","","","","US-EIN-13-2923701","Salvation Army World Service Office","","","Total project budget","","","","","","","","","","","","","",""
"US-EIN-13-3287064NAM-SAWSO-CL-15-20373","","Calbuco Volcano Relief","",,,,,,,,"17000.00","USD","2015-04-23","","","2015-04-23","","","","US-EIN-13-2923701","Salvation Army World Service Office","","","Total project budget","","","","","","","","","","","","","",""
"US-EIN-13-3287064NAM-SAWSO-CO-15-20374","","Landslide Destruction in Salgar, Antioquia, Colombia","",,,,,,,,"18000.00","USD","2015-05-01","","","2015-05-01","","","","US-EIN-13-2923701","Salvation Army World Service Office","","","Total project budget","","","","","","","","","","","","","",""
"US-EIN-13-3287064NAM-SAWSO-MM-15-20375","","Floods in Myanmar July 2015","",,,,,,,,"20000.00","USD","2015-08-01","","","2015-08-01","","","","US-EIN-13-2923701","Salvation Army World Service Office","","","Total project budget","","","","","","","","","","","","","",""
"US-EIN-13-3287064NAM-SAWSO-MM-15-20376","","Floods in Myanmar August 2015","",,,,,,,,"20000.00","USD","2015-09-01","","","2015-09-01","","","","US-EIN-13-2923701","Salvation Army World Service Office","","","Total project budget","","","","","","","","","","","","","",""
"US-EIN-13-3287064NAM-SAWSO-CL-15-20377","","Coquimbo Region Earthquake Tsunami ","",,,,,,,,"14000.00","USD","2015-09-17","","","2015-09-17","","","","US-EIN-13-2923701","Salvation Army World Service Office","","","Total project budget","","","","","","","","","","","","","",""
"US-EIN-13-3287064NAM-SAWSO-BR-15-20378","","Flood Victims Emergency Relief","",,,,,,,,"16608.00","USD","2015-10-19","","","2015-10-19","","","","US-EIN-13-2923701","Salvation Army World Service Office","","","Total project budget","","","","","","","","","","","","","",""
"US-EIN-13-3287064NAM-SAWSO-MX-15-20379","","Hurricane Patricia in Colima - Mexico","",,,,,,,,"20000.00","USD","2015-10-24","","","2015-10-24","","","","US-EIN-13-2923701","Salvation Army World Service Office","","","Total project budget","","","","","","","","","","","","","",""
"US-EIN-13-3287064NAM-SAWSO-LK-15-20380","","Flood relief assistance due to prevailing weather condition","",,,,,,,,"5000.00","USD","2015-11-17","","","2015-11-17","","","","US-EIN-13-2923701","Salvation Army World Service Office","","","Total project budget","","","","","","","","","","","","","",""
"US-EIN-13-3287064NAM-SAWSO-ML-16-20381","","Emergency support to victims of terrorism attacks in Ouagadougou","",,,,,,,,"19306.00","USD","2016-02-01","","","2016-02-01","","","","US-EIN-13-2923701","Salvation Army World Service Office","","","Total project budget","","","","","","","","","","","","","",""
"US-EIN-13-3287064NAM-SAWSO-ZM-16-20382","","Drought Relief for Siakalyabanayama","",,,,,,,,"20000.00","USD","2016-03-01","","","2016-03-01","","","","US-EIN-13-2923701","Salvation Army World Service Office","","","Total project budget","","","","","","","","","","","","","",""
"US-EIN-13-3287064NAM-SAWSO-GR-16-20383","","Idomeni Camp","",,,,,,,,"29993.00","USD","2016-02-01","","","2016-02-01","","","","US-EIN-13-2923701","Salvation Army World Service Office","","","Total project budget","","","","","","","","","","","","","",""
"US-EIN-13-3287064NAM-SAWSO-LK-16-20384","","Flood Relief for Communities ","",,,,,,,,"10000.00","USD","2016-05-18","","","2016-05-18","","","","US-EIN-13-2923701","Salvation Army World Service Office","","","Total project budget","","","","","","","","","","","","","",""
"US-EIN-13-3287064NAM-SAWSO-LK-16-20385","","May 2016 Sri Lanka Flooding and Landslides","",,,,,,,,"12450.00","USD","2016-06-01","","","2016-06-01","","","","US-EIN-13-2923701","Salvation Army World Service Office","","","Total project budget","","","","","","","","","","","","","",""
"US-EIN-13-3287064NAM-SAWSO-BZ-16-20386","","Hurricane Earl in Belize","",,,,,,,,"12500.00","USD","2016-08-15","","","2016-08-15","","","","US-EIN-13-2923701","Salvation Army World Service Office","","","Total project budget","","","","","","","","","","","","","",""
"US-EIN-13-3287064NAM-SAWSO-KE-08-20408","","Institutional Support - Kithituni Health Clinic Establishment","",,,,,,,,"115969.00","USD","2008-05-01","","","2008-05-01","","","","US-EIN-13-2923701","Salvation Army World Service Office","","","Total project budget","","","","","","","","","","","","","",""
"US-EIN-13-3287064NAM-SAWSO-BB-07-20409","","Institutional Support - Running Costs for Barbados Men's Hostel","",,,,,,,,"115000.00","USD","2007-10-01","","","2007-10-01","","","","US-EIN-13-2923701","Salvation Army World Service Office","","","Total project budget","","","","","","","","","","","","","",""
"US-EIN-13-3287064NAM-SAWSO-LK-12-20410","","Sri Lanka Mobile Medical Clinic Phase 3","",,,,,,,,"247920.00","USD","2012-04-01","","","2012-04-01","","","","US-EIN-13-2923701","Salvation Army World Service Office","","","Total project budget","","","","","","","","","","","","","",""
"US-EIN-13-3287064NAM-SAWSO-ZM-10-20411","","STEPS OVC","",,,,,,,,"3184102.00","USD","2010-07-12","","","2010-07-12","","","","US-EIN-13-2923701","Salvation Army World Service Office","","","Total project budget","","","","","","","","","","","","","",""
"US-EIN-13-3287064NAM-SAWSO-HT-11-20412","","Community Development Projects Support Program","",,,,,,,,"1185088.00","USD","2011-01-01","","","2011-01-01","","","","US-EIN-13-2923701","Salvation Army World Service Office","","","Total project budget","","","","","","","","","","","","","",""
"US-EIN-13-3287064NAM-SAWSO-HT-09-20413","","CHAMP: Community Health & AIDS Mitigation Project","",,,,,,,,"193797.00","USD","2009-10-19","","","2009-10-19","","","","US-EIN-13-2923701","Salvation Army World Service Office","","","Total project budget","","","","","","","","","","","","","",""
"US-EIN-13-3287064NAM-SAWSO-HT-10-20414","","PrevSIDA: Sexual Prevention of HIV in Haiti","",,,,,,,,"493692.00","USD","2010-11-01","","","2010-11-01","","","","US-EIN-13-2923701","Salvation Army World Service Office","","","Total project budget","","","","","","","","","","","","","",""
"US-EIN-13-3287064NAM-SAWSO-ZM-09-20415","","ZPCT II- Zambia Prevention, CARE & Treatment Partnership II","",,,,,,,,"211976.00","USD","2009-06-15","","","2009-06-15","","","","US-EIN-13-2923701","Salvation Army World Service Office","","","Total project budget","","","","","","","","","","","","","",""
"US-EIN-13-3287064NAM-SAWSO-IN-15-20416","","Anti Human Sex Trafficking Project (Jeevan Dhara) Mumbai","",,,,,,,,"158116.00","USD","2015-08-31","","","2015-08-31","","","","US-EIN-13-2923701","Salvation Army World Service Office","","","Total project budget","","","","","","","","","","","","","",""
"US-EIN-13-3287064NAM-SAWSO-MD-15-20417","","Cahul Computer Class","",,,,,,,,"27477.00","USD","2015-07-01","","","2015-07-01","","","","US-EIN-13-2923701","Salvation Army World Service Office","","","Total project budget","","","","","","","","","","","","","",""
"US-EIN-13-3287064NAM-SAWSO-BS-12-20418","","Financial Literacy & Computer Training Program","",,,,,,,,"25000.00","USD","2012-09-01","","","2012-09-01","","","","US-EIN-13-2923701","Salvation Army World Service Office","","","Total project budget","","","","","","","","","","","","","",""
"US-EIN-13-3287064NAM-SAWSO-GE-13-20419","","Digomi Baby Song","",,,,,,,,"3151.00","USD","2013-01-01","","","2013-01-01","","","","US-EIN-13-2923701","Salvation Army World Service Office","","","Total project budget","","","","","","","","","","","","","",""
"US-EIN-13-3287064NAM-SAWSO-GE-14-20420","","Samgori Homeless Feeding Program","",,,,,,,,"9069.00","USD","2014-06-01","","","2014-06-01","","","","US-EIN-13-2923701","Salvation Army World Service Office","","","Total project budget","","","","","","","","","","","","","",""
"US-EIN-13-3287064NAM-SAWSO-IN-14-20421","","Evangeline Booth Hospital Redevelopment","",,,,,,,,"1849777.00","USD","2014-10-01","","","2014-10-01","","","","US-EIN-13-2923701","Salvation Army World Service Office","","","Total project budget","","","","","","","","","","","","","",""
"US-EIN-13-3287064NAM-SAWSO-IN-14-20422","","Resizing and Development of Catherine Booth Hospital, Nagercoil","",,,,,,,,"3946851.00","USD","2014-02-01","","","2014-02-01","","","","US-EIN-13-2923701","Salvation Army World Service Office","","","Total project budget","","","","","","","","","","","","","",""
"US-EIN-13-3287064NAM-SAWSO-BD-14-20423","","Empowerment and rehabilitation of commercial sex workers and trafficked women - Year 2","",,,,,,,,"127404.00","USD","2014-06-01","","","2014-06-01","","","","US-EIN-13-2923701","Salvation Army World Service Office","","","Total project budget","","","","","","","","","","","","","",""
"US-EIN-13-3287064NAM-SAWSO-UG-14-20424","","SAIFaP Salvation Army Integrating Family Planning Services (into an OVC Program)","",,,,,,,,"494686.00","USD","2014-05-01","","","2014-05-01","","","","US-EIN-13-2923701","Salvation Army World Service Office","","","Total project budget","","","","","","","","","","","","","",""
"US-EIN-13-3287064NAM-SAWSO-GE-14-20425","","Batumi Senior Centre 2014 Programme Support (Non institutional Support)","",,,,,,,,"19225.00","USD","2014-12-01","","","2014-12-01","","","","US-EIN-13-2923701","Salvation Army World Service Office","","","Total project budget","","","","","","","","","","","","","",""
"US-EIN-13-3287064NAM-SAWSO-IN-14-20426","","Emery Hospital  - New equipment ","",,,,,,,,"24166.00","USD","2014-01-01","","","2014-01-01","","","","US-EIN-13-2923701","Salvation Army World Service Office","","","Total project budget","","","","","","","","","","","","","",""
"US-EIN-13-3287064NAM-SAWSO-MD-14-20427","","Shoes for children “Warm Little Feet in Winter” 2014-15 Programme Support (non inst based)","",,,,,,,,"17655.00","USD","2014-08-01","","","2014-08-01","","","","US-EIN-13-2923701","Salvation Army World Service Office","","","Total project budget","","","","","","","","","","","","","",""
"US-EIN-13-3287064NAM-SAWSO-MX-15-20428","","Programme and refuge to support deported women and children in Tijuana","",,,,,,,,"287904.00","USD","2015-07-31","","","2015-07-31","","","","US-EIN-13-2923701","Salvation Army World Service Office","","","Total project budget","","","","","","","","","","","","","",""
"US-EIN-13-3287064NAM-SAWSO-KE-14-20429","","WORTH Literacy and Micro Credit Project - Phase II ","",,,,,,,,"790535.00","USD","2014-10-01","","","2014-10-01","","","","US-EIN-13-2923701","Salvation Army World Service Office","","","Total project budget","","","","","","","","","","","","","",""
"US-EIN-13-3287064NAM-SAWSO-ZW-14-20430","","Bumhudzo Sustainability Project - Greenhouse and Goat Rearing","",,,,,,,,"13033.00","USD","2014-10-01","","","2014-10-01","","","","US-EIN-13-2923701","Salvation Army World Service Office","","","Total project budget","","","","","","","","","","","","","",""
"US-EIN-13-3287064NAM-SAWSO-HN-15-20431","","Education for Hospitalized Children","",,,,,,,,"90120.00","USD","2015-01-01","","","2015-01-01","","","","US-EIN-13-2923701","Salvation Army World Service Office","","","Total project budget","","","","","","","","","","","","","",""
"US-EIN-13-3287064NAM-SAWSO-IN-15-20432","","Youth Vocational Training Courses","",,,,,,,,"76473.00","USD","2015-06-01","","","2015-06-01","","","","US-EIN-13-2923701","Salvation Army World Service Office","","","Total project budget","","","","","","","","","","","","","",""
"US-EIN-13-3287064NAM-SAWSO-ZM-15-20433","","Chikankata Primary Health Care ","",,,,,,,,"151420.00","USD","2015-03-01","","","2015-03-01","","","","US-EIN-13-2923701","Salvation Army World Service Office","","","Total project budget","","","","","","","","","","","","","",""
"US-EIN-13-3287064NAM-SAWSO-DO-15-20434","","Programme Support (institution based) Cotuí","",,,,,,,,"136513.00","USD","2015-01-01","","","2015-01-01","","","","US-EIN-13-2923701","Salvation Army World Service Office","","","Total project budget","","","","","","","","","","","","","",""
"US-EIN-13-3287064NAM-SAWSO-PH-14-20435","","Typhoon Yolanda Response Coconut Seedlings and Inter-Crop Seeds for the Farmers in Dulag, Leyte – Extension Project","",,,,,,,,"656373.00","USD","2014-04-01","","","2014-04-01","","","","US-EIN-13-2923701","Salvation Army World Service Office","","","Total project budget","","","","","","","","","","","","","",""
"US-EIN-13-3287064NAM-SAWSO-ID-14-20436","","Mount Sinabung Refugee Education Relief","",,,,,,,,"125000.00","USD","2014-10-01","","","2014-10-01","","","","US-EIN-13-2923701","Salvation Army World Service Office","","","Total project budget","","","","","","","","","","","","","",""
"US-EIN-13-3287064NAM-SAWSO-LR-15-20437","","Post Ebola School Preparation, Re-opening and Sustenance Support","",,,,,,,,"252269.00","USD","2015-02-01","","","2015-02-01","","","","US-EIN-13-2923701","Salvation Army World Service Office","","","Total project budget","","","","","","","","","","","","","",""
"US-EIN-13-3287064NAM-SAWSO-IN-14-20438","","William Booth Memorial School - Equipment Requirement (Inst Based Programme Support)","",,,,,,,,"8333.00","USD","2014-01-01","","","2014-01-01","","","","US-EIN-13-2923701","Salvation Army World Service Office","","","Total project budget","","","","","","","","","","","","","",""
"US-EIN-13-3287064NAM-SAWSO-IN-14-20439","","Class Rooms Expand-  William Booth Memorial School","",,,,,,,,"29968.00","USD","2014-11-01","","","2014-11-01","","","","US-EIN-13-2923701","Salvation Army World Service Office","","","Total project budget","","","","","","","","","","","","","",""
"US-EIN-13-3287064NAM-SAWSO-ID-14-20440","","Mount Sinabung Refugees Health Empowerment","",,,,,,,,"140000.00","USD","2014-10-01","","","2014-10-01","","","","US-EIN-13-2923701","Salvation Army World Service Office","","","Total project budget","","","","","","","","","","","","","",""
"US-EIN-13-3287064NAM-SAWSO-XX-13-20441","","Community Based Disaster Preparation","",,,,,,,,"95963.00","USD","2013-07-01","","","2013-07-01","","","","US-EIN-13-2923701","Salvation Army World Service Office","","","Total project budget","","","","","","","","","","","","","",""
"US-EIN-13-3287064NAM-SAWSO-PA-17-20479","","Construction and Relocation Paraiso Girls' Home ","",,,,,,,,"314375.00","USD","2017-01-01","","","2017-01-01","","","","US-EIN-13-2923701","Salvation Army World Service Office","","","Total project budget","","","","","","","","","","","","","",""
